{"cameraMode":{"drawMode":0,"name":"Shaded","section":"Shading Mode"},"sceneLighting":true,"audioPlay":false,"sceneViewState":{"showFog":true,"showMaterialUpdate":false,"showSkybox":true,"showFlares":true,"showImageEffects":true,"showParticleSystems":true},"in2DMode":false,"pivot":{"x":3.419790267944336,"y":4.4597954750061039,"z":-1.9073554277420045},"rotation":{"x":-0.16302436590194703,"y":0.7751796245574951,"z":-0.22232791781425477,"w":-0.5684099197387695},"size":10.0,"orthographic":false}